{"mean": 179861.90354913071, "std": 603858.1840093508}