{"threshold": 0.8335879353034633, "f_beta": 0.9235668789808916, "beta": 2.0}