{"threshold": 0.29249879685101826, "f_beta": 0.997322623828648, "beta": 2.0}