{
  "roc_auc": 0.9791445740544362,
  "pr_auc": 0.9656149297904721,
  "n_train": 436,
  "n_test": 110,
  "injection_rate": 0.3717948717948718
}