{
  "selection_threshold": 0.46,
  "selection_metrics_on_internal_val": {
    "threshold": 0.46,
    "tp": 782,
    "fp": 20,
    "tn": 38439,
    "fn": 23,
    "precision": 0.9750623441396509,
    "recall": 0.9714285714285714,
    "f0_5": 0.9743334163967108,
    "roc_auc": 0.9961484190875853,
    "pr_auc": 0.9800049529722965
  },
  "selected_lgbm_params": {
    "objective": "binary",
    "n_estimators": 300,
    "max_depth": 7,
    "learning_rate": 0.04,
    "num_leaves": 95,
    "scale_pos_weight": 46.24909747292419,
    "random_state": 42,
    "n_jobs": -1,
    "verbose": -1
  },
  "holdout": {
    "roc_auc": 0.9970253270625127,
    "pr_auc": 0.9812769900551016,
    "decision_threshold": 0.46,
    "at_threshold": {
      "threshold": 0.46,
      "tp": 1164,
      "fp": 17,
      "tn": 47869,
      "fn": 31,
      "precision": 0.9856054191363252,
      "recall": 0.9740585774058578,
      "f0_5": 0.9832742017232641
    },
    "score_quantiles": {
      "q00": 8.263209152210633e-07,
      "q25": 1.5204000229636623e-05,
      "q50": 3.9506934446643576e-05,
      "q75": 0.0034373515496841016,
      "q90": 0.02404238069570579,
      "q99": 0.9999593138886622,
      "q100": 0.9999866825238565
    }
  },
  "timings_seconds": {
    "selection": 1.8132,
    "final_lgbm_fit": 0.9412,
    "isolation_fit": 0.3907,
    "onnx_export": 12.8377,
    "holdout_eval": 0.0697
  }
}